rate_date,currency,rate_per_eur
2016-01-04,BRL,4.4023
2016-01-05,BRL,4.3023
2016-01-06,BRL,4.3331
2016-01-07,BRL,4.4001
2016-01-08,BRL,4.3685
2016-01-11,BRL,4.3786
2016-01-12,BRL,4.3704
2016-01-13,BRL,4.3214
2016-01-14,BRL,4.373
2016-01-15,BRL,4.4139
2016-01-18,BRL,4.3929
2016-01-19,BRL,4.3758
2016-01-20,BRL,4.4559
2016-01-21,BRL,4.523
2016-01-22,BRL,4.455
2016-01-25,BRL,4.4276
2016-01-26,BRL,4.4465
2016-01-27,BRL,4.3963
2016-01-28,BRL,4.4753
2016-01-29,BRL,4.4294
2016-02-01,BRL,4.3511
2016-02-02,BRL,4.3565
2016-02-03,BRL,4.328
2016-02-04,BRL,4.3486
2016-02-05,BRL,4.3454
2016-02-08,BRL,4.3245
2016-02-09,BRL,4.3741
2016-02-10,BRL,4.3758
2016-02-11,BRL,4.4836
2016-02-12,BRL,4.5087
2016-02-15,BRL,4.4567
2016-02-16,BRL,4.4833
2016-02-17,BRL,4.4866
2016-02-18,BRL,4.4527
2016-02-19,BRL,4.4854
2016-02-22,BRL,4.3755
2016-02-23,BRL,4.357
2016-02-24,BRL,4.3793
2016-02-25,BRL,4.3527
2016-02-26,BRL,4.3356
2016-02-29,BRL,4.3394
2016-03-01,BRL,4.3519
2016-03-02,BRL,4.2523
2016-03-03,BRL,4.1949
2016-03-04,BRL,4.0834
2016-03-07,BRL,4.1228
2016-03-08,BRL,4.169
2016-03-09,BRL,4.074
2016-03-10,BRL,3.972
2016-03-11,BRL,4.0401
2016-03-14,BRL,4.0261
2016-03-15,BRL,4.1191
2016-03-16,BRL,4.2224
2016-03-17,BRL,4.1438
2016-03-18,BRL,4.0794
2016-03-21,BRL,4.0897
2016-03-22,BRL,4.0526
2016-03-23,BRL,4.06
2016-03-24,BRL,4.1316
2016-03-29,BRL,4.0795
2016-03-30,BRL,4.1275
2016-03-31,BRL,4.1174
2016-04-01,BRL,4.1296
2016-04-04,BRL,4.042
2016-04-05,BRL,4.1395
2016-04-06,BRL,4.2
2016-04-07,BRL,4.1617
2016-04-08,BRL,4.1554
2016-04-11,BRL,4.0647
2016-04-12,BRL,4.0034
2016-04-13,BRL,3.969
2016-04-14,BRL,3.9586
2016-04-15,BRL,3.9387
2016-04-18,BRL,3.9606
2016-04-19,BRL,4.0408
2016-04-20,BRL,4.0362
2016-04-21,BRL,4.0043
2016-04-22,BRL,4.0218
2016-04-25,BRL,4.0168
2016-04-26,BRL,3.9943
2016-04-27,BRL,3.9826
2016-04-28,BRL,3.9907
2016-04-29,BRL,3.9738
2016-05-02,BRL,3.9731
2016-05-03,BRL,4.102
2016-05-04,BRL,4.1091
2016-05-05,BRL,4.0282
2016-05-06,BRL,4.065
2016-05-09,BRL,3.9971
2016-05-10,BRL,3.9647
2016-05-11,BRL,3.9517
2016-05-12,BRL,3.9419
2016-05-13,BRL,3.9559
2016-05-16,BRL,3.9999
2016-05-17,BRL,3.9451
2016-05-18,BRL,3.9891
2016-05-19,BRL,4.0146
2016-05-20,BRL,3.9797
2016-05-23,BRL,3.9832
2016-05-24,BRL,3.9639
2016-05-25,BRL,3.9681
2016-05-26,BRL,4.0004
2016-05-27,BRL,4.031
2016-05-30,BRL,4.0148
2016-05-31,BRL,3.985
2016-06-01,BRL,4.0211
2016-06-02,BRL,4.0235
2016-06-03,BRL,3.9973
2016-06-06,BRL,3.9934
2016-06-07,BRL,3.9788
2016-06-08,BRL,3.8786
2016-06-09,BRL,3.8378
2016-06-10,BRL,3.8662
2016-06-13,BRL,3.876
2016-06-14,BRL,3.9273
2016-06-15,BRL,3.8945
2016-06-16,BRL,3.8943
2016-06-17,BRL,3.8942
2016-06-20,BRL,3.8286
2016-06-21,BRL,3.81
2016-06-22,BRL,3.8357
2016-06-23,BRL,3.8172
2016-06-24,BRL,3.8063
2016-06-27,BRL,3.743
2016-06-28,BRL,3.7183
2016-06-29,BRL,3.6216
2016-06-30,BRL,3.5898
2016-07-01,BRL,3.5837
2016-07-04,BRL,3.6131
2016-07-05,BRL,3.6655
2016-07-06,BRL,3.6787
2016-07-07,BRL,3.6894
2016-07-08,BRL,3.6942
2016-07-11,BRL,3.6651
2016-07-12,BRL,3.6414
2016-07-13,BRL,3.6517
2016-07-14,BRL,3.6041
2016-07-15,BRL,3.6232
2016-07-18,BRL,3.5963
2016-07-19,BRL,3.6078
2016-07-20,BRL,3.5761
2016-07-21,BRL,3.5804
2016-07-22,BRL,3.6138
2016-07-25,BRL,3.5758
2016-07-26,BRL,3.608
2016-07-27,BRL,3.6056
2016-07-28,BRL,3.6306
2016-07-29,BRL,3.6478
2016-08-01,BRL,3.6361
2016-08-02,BRL,3.6549
2016-08-03,BRL,3.6606
2016-08-04,BRL,3.5894
2016-08-05,BRL,3.5501
2016-08-08,BRL,3.5239
2016-08-09,BRL,3.5045
2016-08-10,BRL,3.4911
2016-08-11,BRL,3.5156
2016-08-12,BRL,3.5287
2016-08-15,BRL,3.5463
2016-08-16,BRL,3.5741
2016-08-17,BRL,3.6238
2016-08-18,BRL,3.6484
2016-08-19,BRL,3.6659
2016-08-22,BRL,3.6339
2016-08-23,BRL,3.6146
2016-08-24,BRL,3.6463
2016-08-25,BRL,3.6365
2016-08-26,BRL,3.6441
2016-08-29,BRL,3.671
2016-08-30,BRL,3.5991
2016-08-31,BRL,3.6016
2016-09-01,BRL,3.6026
2016-09-02,BRL,3.6549
2016-09-05,BRL,3.6258
2016-09-06,BRL,3.6445
2016-09-07,BRL,3.5944
2016-09-08,BRL,3.5982
2016-09-09,BRL,3.6552
2016-09-12,BRL,3.6931
2016-09-13,BRL,3.6809
2016-09-14,BRL,3.7097
2016-09-15,BRL,3.7439
2016-09-16,BRL,3.6993
2016-09-19,BRL,3.644
2016-09-20,BRL,3.6473
2016-09-21,BRL,3.6137
2016-09-22,BRL,3.594
2016-09-23,BRL,3.5931
2016-09-26,BRL,3.6522
2016-09-27,BRL,3.6215
2016-09-28,BRL,3.6389
2016-09-29,BRL,3.63
2016-09-30,BRL,3.621
2016-10-03,BRL,3.6409
2016-10-04,BRL,3.5816
2016-10-05,BRL,3.6374
2016-10-06,BRL,3.6206
2016-10-07,BRL,3.6087
2016-10-10,BRL,3.5886
2016-10-11,BRL,3.5634
2016-10-12,BRL,3.5256
2016-10-13,BRL,3.5337
2016-10-14,BRL,3.4994
2016-10-17,BRL,3.5147
2016-10-18,BRL,3.5073
2016-10-19,BRL,3.5063
2016-10-20,BRL,3.4629
2016-10-21,BRL,3.434
2016-10-24,BRL,3.42
2016-10-25,BRL,3.3872
2016-10-26,BRL,3.4065
2016-10-27,BRL,3.4261
2016-10-28,BRL,3.4841
2016-10-31,BRL,3.4836
2016-11-01,BRL,3.5239
2016-11-02,BRL,3.5967
2016-11-03,BRL,3.572
2016-11-04,BRL,3.5996
2016-11-07,BRL,3.5445
2016-11-08,BRL,3.5364
2016-11-09,BRL,3.5565
2016-11-10,BRL,3.5815
2016-11-11,BRL,3.7208
2016-11-14,BRL,3.7153
2016-11-15,BRL,3.7006
2016-11-16,BRL,3.6791
2016-11-17,BRL,3.655
2016-11-18,BRL,3.6049
2016-11-21,BRL,3.5667
2016-11-22,BRL,3.5497
2016-11-23,BRL,3.586
2016-11-24,BRL,3.5909
2016-11-25,BRL,3.6394
2016-11-28,BRL,3.5909
2016-11-29,BRL,3.6009
2016-11-30,BRL,3.6118
2016-12-01,BRL,3.6597
2016-12-02,BRL,3.6909
2016-12-05,BRL,3.7044
2016-12-06,BRL,3.6837
2016-12-07,BRL,3.6457
2016-12-08,BRL,3.6599
2016-12-09,BRL,3.5815
2016-12-12,BRL,3.5953
2016-12-13,BRL,3.5325
2016-12-14,BRL,3.5242
2016-12-15,BRL,3.5298
2016-12-16,BRL,3.5081
2016-12-19,BRL,3.5191
2016-12-20,BRL,3.4801
2016-12-21,BRL,3.4729
2016-12-22,BRL,3.4761
2016-12-23,BRL,3.4146
2016-12-27,BRL,3.4256
2016-12-28,BRL,3.4026
2016-12-29,BRL,3.4123
2016-12-30,BRL,3.4305
2017-01-02,BRL,3.4265
2017-01-03,BRL,3.3916
2017-01-04,BRL,3.3784
2017-01-05,BRL,3.3742
2017-01-06,BRL,3.3905
2017-01-09,BRL,3.378
2017-01-10,BRL,3.3743
2017-01-11,BRL,3.3786
2017-01-12,BRL,3.3718
2017-01-13,BRL,3.4097
2017-01-16,BRL,3.413
2017-01-17,BRL,3.4305
2017-01-18,BRL,3.4367
2017-01-19,BRL,3.4223
2017-01-20,BRL,3.3977
2017-01-23,BRL,3.3873
2017-01-24,BRL,3.4
2017-01-25,BRL,3.4057
2017-01-26,BRL,3.4093
2017-01-27,BRL,3.3834
2017-01-30,BRL,3.3318
2017-01-31,BRL,3.3535
2017-02-01,BRL,3.3918
2017-02-02,BRL,3.3659
2017-02-03,BRL,3.3641
2017-02-06,BRL,3.3408
2017-02-07,BRL,3.3378
2017-02-08,BRL,3.333
2017-02-09,BRL,3.3329
2017-02-10,BRL,3.307
2017-02-13,BRL,3.3159
2017-02-14,BRL,3.2881
2017-02-15,BRL,3.2505
2017-02-16,BRL,3.2402
2017-02-17,BRL,3.2928
2017-02-20,BRL,3.2884
2017-02-21,BRL,3.2623
2017-02-22,BRL,3.2422
2017-02-23,BRL,3.2412
2017-02-24,BRL,3.277
2017-02-27,BRL,3.2916
2017-02-28,BRL,3.281
2017-03-01,BRL,3.2768
2017-03-02,BRL,3.2687
2017-03-03,BRL,3.308
2017-03-06,BRL,3.2896
2017-03-07,BRL,3.2974
2017-03-08,BRL,3.3151
2017-03-09,BRL,3.3436
2017-03-10,BRL,3.3694
2017-03-13,BRL,3.3609
2017-03-14,BRL,3.3591
2017-03-15,BRL,3.3553
2017-03-16,BRL,3.3244
2017-03-17,BRL,3.3342
2017-03-20,BRL,3.3416
2017-03-21,BRL,3.3175
2017-03-22,BRL,3.3484
2017-03-23,BRL,3.3608
2017-03-24,BRL,3.3845
2017-03-27,BRL,3.398
2017-03-28,BRL,3.3947
2017-03-29,BRL,3.3666
2017-03-30,BRL,3.3555
2017-03-31,BRL,3.38
2017-04-03,BRL,3.3314
2017-04-04,BRL,3.3395
2017-04-05,BRL,3.2974
2017-04-06,BRL,3.3232
2017-04-07,BRL,3.3349
2017-04-10,BRL,3.3175
2017-04-11,BRL,3.3241
2017-04-12,BRL,3.333
2017-04-13,BRL,3.3277
2017-04-18,BRL,3.3194
2017-04-19,BRL,3.3368
2017-04-20,BRL,3.377
2017-04-21,BRL,3.3683
2017-04-24,BRL,3.3903
2017-04-25,BRL,3.4329
2017-04-26,BRL,3.4521
2017-04-27,BRL,3.4387
2017-04-28,BRL,3.4718
2017-05-02,BRL,3.4585
2017-05-03,BRL,3.4424
2017-05-04,BRL,3.4822
2017-05-05,BRL,3.4917
2017-05-08,BRL,3.4896
2017-05-09,BRL,3.473
2017-05-10,BRL,3.444
2017-05-11,BRL,3.4363
2017-05-12,BRL,3.4227
2017-05-15,BRL,3.4065
2017-05-16,BRL,3.4316
2017-05-17,BRL,3.4446
2017-05-18,BRL,3.4888
2017-05-19,BRL,3.7227
2017-05-22,BRL,3.7029
2017-05-23,BRL,3.6718
2017-05-24,BRL,3.6442
2017-05-25,BRL,3.666
2017-05-26,BRL,3.6609
2017-05-29,BRL,3.6538
2017-05-30,BRL,3.6509
2017-05-31,BRL,3.6485
2017-06-01,BRL,3.6135
2017-06-02,BRL,3.6308
2017-06-05,BRL,3.666
2017-06-06,BRL,3.7117
2017-06-07,BRL,3.6694
2017-06-08,BRL,3.6852
2017-06-09,BRL,3.6476
2017-06-12,BRL,3.684
2017-06-13,BRL,3.7045
2017-06-14,BRL,3.7027
2017-06-15,BRL,3.6559
2017-06-16,BRL,3.6681
2017-06-19,BRL,3.6957
2017-06-20,BRL,3.6845
2017-06-21,BRL,3.7028
2017-06-22,BRL,3.7164
2017-06-23,BRL,3.7293
2017-06-26,BRL,3.7259
2017-06-27,BRL,3.7216
2017-06-28,BRL,3.7632
2017-06-29,BRL,3.7476
2017-06-30,BRL,3.76
2017-07-03,BRL,3.7737
2017-07-04,BRL,3.7503
2017-07-05,BRL,3.7545
2017-07-06,BRL,3.7639
2017-07-07,BRL,3.7587
2017-07-10,BRL,3.7292
2017-07-11,BRL,3.7258
2017-07-12,BRL,3.6997
2017-07-13,BRL,3.6733
2017-07-14,BRL,3.6599
2017-07-17,BRL,3.6437
2017-07-18,BRL,3.6623
2017-07-19,BRL,3.6432
2017-07-20,BRL,3.6166
2017-07-21,BRL,3.6225
2017-07-24,BRL,3.6543
2017-07-25,BRL,3.6755
2017-07-26,BRL,3.6806
2017-07-27,BRL,3.6836
2017-07-28,BRL,3.7015
2017-07-31,BRL,3.6764
2017-08-01,BRL,3.688
2017-08-02,BRL,3.6995
2017-08-03,BRL,3.7017
2017-08-04,BRL,3.6911
2017-08-07,BRL,3.6878
2017-08-08,BRL,3.6918
2017-08-09,BRL,3.6793
2017-08-10,BRL,3.7024
2017-08-11,BRL,3.7378
2017-08-14,BRL,3.7517
2017-08-15,BRL,3.754
2017-08-16,BRL,3.7129
2017-08-17,BRL,3.6986
2017-08-18,BRL,3.7185
2017-08-21,BRL,3.7042
2017-08-22,BRL,3.7102
2017-08-23,BRL,3.7314
2017-08-24,BRL,3.7113
2017-08-25,BRL,3.7045
2017-08-28,BRL,3.7568
2017-08-29,BRL,3.8106
2017-08-30,BRL,3.7768
2017-08-31,BRL,3.741
2017-09-01,BRL,3.7423
2017-09-04,BRL,3.7379
2017-09-05,BRL,3.707
2017-09-06,BRL,3.7145
2017-09-07,BRL,3.7098
2017-09-08,BRL,3.7256
2017-09-11,BRL,3.7057
2017-09-12,BRL,3.7117
2017-09-13,BRL,3.7521
2017-09-14,BRL,3.7295
2017-09-15,BRL,3.7357
2017-09-18,BRL,3.7204
2017-09-19,BRL,3.7429
2017-09-20,BRL,3.7579
2017-09-21,BRL,3.7353
2017-09-22,BRL,3.7459
2017-09-25,BRL,3.7128
2017-09-26,BRL,3.7299
2017-09-27,BRL,3.7357
2017-09-28,BRL,3.7484
2017-09-29,BRL,3.7635
2017-10-02,BRL,3.7274
2017-10-03,BRL,3.7093
2017-10-04,BRL,3.6929
2017-10-05,BRL,3.6772
2017-10-06,BRL,3.7
2017-10-09,BRL,3.7168
2017-10-10,BRL,3.7378
2017-10-11,BRL,3.7515
2017-10-12,BRL,3.7654
2017-10-13,BRL,3.7517
2017-10-16,BRL,3.7304
2017-10-17,BRL,3.7358
2017-10-18,BRL,3.7199
2017-10-19,BRL,3.7561
2017-10-20,BRL,3.7519
2017-10-23,BRL,3.7493
2017-10-24,BRL,3.8022
2017-10-25,BRL,3.8134
2017-10-26,BRL,3.803
2017-10-27,BRL,3.8292
2017-10-30,BRL,3.779
2017-10-31,BRL,3.8059
2017-11-01,BRL,3.815
2017-11-02,BRL,3.8047
2017-11-03,BRL,3.8012
2017-11-06,BRL,3.8174
2017-11-07,BRL,3.7822
2017-11-08,BRL,3.7662
2017-11-09,BRL,3.7762
2017-11-10,BRL,3.8084
2017-11-13,BRL,3.8362
2017-11-14,BRL,3.8488
2017-11-15,BRL,3.849
2017-11-16,BRL,3.8579
2017-11-17,BRL,3.8658
2017-11-20,BRL,3.8388
2017-11-21,BRL,3.8207
2017-11-22,BRL,3.8288
2017-11-23,BRL,3.8403
2017-11-24,BRL,3.8379
2017-11-27,BRL,3.8564
2017-11-28,BRL,3.8287
2017-11-29,BRL,3.7936
2017-11-30,BRL,3.8668
2017-12-01,BRL,3.8824
2017-12-04,BRL,3.8558
2017-12-05,BRL,3.8192
2017-12-06,BRL,3.8193
2017-12-07,BRL,3.8824
2017-12-08,BRL,3.8435
2017-12-11,BRL,3.8654
2017-12-12,BRL,3.9051
2017-12-13,BRL,3.8907
2017-12-14,BRL,3.9529
2017-12-15,BRL,3.9171
2017-12-18,BRL,3.8734
2017-12-19,BRL,3.8862
2017-12-20,BRL,3.8953
2017-12-21,BRL,3.9214
2017-12-22,BRL,3.9349
2017-12-27,BRL,3.9196
2017-12-28,BRL,3.9496
2017-12-29,BRL,3.9729
2018-01-02,BRL,3.9504
2018-01-03,BRL,3.9236
2018-01-04,BRL,3.906
2018-01-05,BRL,3.9057
2018-01-08,BRL,3.8825
2018-01-09,BRL,3.8571
2018-01-10,BRL,3.8952
2018-01-11,BRL,3.8858
2018-01-12,BRL,3.8959
2018-01-15,BRL,3.9237
2018-01-16,BRL,3.9303
2018-01-17,BRL,3.9497
2018-01-18,BRL,3.9321
2018-01-19,BRL,3.9312
2018-01-22,BRL,3.9083
2018-01-23,BRL,3.9453
2018-01-24,BRL,3.9437
2018-01-25,BRL,3.9063
2018-01-26,BRL,3.9149
2018-01-29,BRL,3.9209
2018-01-30,BRL,3.928
2018-01-31,BRL,3.9368
2018-02-01,BRL,3.9488
2018-02-02,BRL,3.9993
2018-02-05,BRL,4.0174
2018-02-06,BRL,4.0381
2018-02-07,BRL,4.007
2018-02-08,BRL,4.0034
2018-02-09,BRL,4.0244
2018-02-12,BRL,4.0415
2018-02-13,BRL,4.0642
2018-02-14,BRL,4.0525
2018-02-15,BRL,4.0254
2018-02-16,BRL,4.0314
2018-02-19,BRL,4.0126
2018-02-20,BRL,4.0114
2018-02-21,BRL,4.008
2018-02-22,BRL,4.0149
2018-02-23,BRL,3.9875
2018-02-26,BRL,3.9857
2018-02-27,BRL,3.9831
2018-02-28,BRL,3.9615
2018-03-01,BRL,3.974
2018-03-02,BRL,4.0096
2018-03-05,BRL,4.0096
2018-03-06,BRL,3.9927
2018-03-07,BRL,4.0094
2018-03-08,BRL,4.0261
2018-03-09,BRL,4.01
2018-03-12,BRL,4.0087
2018-03-13,BRL,4.0142
2018-03-14,BRL,4.0244
2018-03-15,BRL,4.0579
2018-03-16,BRL,4.0464
2018-03-19,BRL,4.0567
2018-03-20,BRL,4.041
2018-03-21,BRL,4.0552
2018-03-22,BRL,4.0666
2018-03-23,BRL,4.0726
2018-03-26,BRL,4.0932
2018-03-27,BRL,4.1051
2018-03-28,BRL,4.1264
2018-03-29,BRL,4.0938
2018-04-03,BRL,4.0742
2018-04-04,BRL,4.1316
2018-04-05,BRL,4.0452
2018-04-06,BRL,4.1111
2018-04-09,BRL,4.149
2018-04-10,BRL,4.206
2018-04-11,BRL,4.2333
2018-04-12,BRL,4.1482
2018-04-13,BRL,4.1979
2018-04-16,BRL,4.23
2018-04-17,BRL,4.2158
2018-04-18,BRL,4.2047
2018-04-19,BRL,4.1925
2018-04-20,BRL,4.1892
2018-04-23,BRL,4.1981
2018-04-24,BRL,4.2085
2018-04-25,BRL,4.2705
2018-04-26,BRL,4.2322
2018-04-27,BRL,4.1992
2018-04-30,BRL,4.1932
2018-05-02,BRL,4.2293
2018-05-03,BRL,4.2367
2018-05-04,BRL,4.2446
2018-05-07,BRL,4.2162
2018-05-08,BRL,4.2233
2018-05-09,BRL,4.2451
2018-05-10,BRL,4.2464
2018-05-11,BRL,4.2486
2018-05-14,BRL,4.2927
2018-05-15,BRL,4.3439
2018-05-16,BRL,4.3294
2018-05-17,BRL,4.3286
2018-05-18,BRL,4.3831
2018-05-21,BRL,4.3714
2018-05-22,BRL,4.317
2018-05-23,BRL,4.304
2018-05-24,BRL,4.2794
2018-05-25,BRL,4.2554
2018-05-28,BRL,4.2953
2018-05-29,BRL,4.3415
2018-05-30,BRL,4.3112
2018-05-31,BRL,4.3626
2018-06-01,BRL,4.3681
2018-06-04,BRL,4.3893
2018-06-05,BRL,4.3926
2018-06-06,BRL,4.4924
2018-06-07,BRL,4.5872
2018-06-08,BRL,4.5149
2018-06-11,BRL,4.3902
2018-06-12,BRL,4.3608
2018-06-13,BRL,4.3587
2018-06-14,BRL,4.3312
2018-06-15,BRL,4.3761
2018-06-18,BRL,4.3472
2018-06-19,BRL,4.3536
2018-06-20,BRL,4.3273
2018-06-21,BRL,4.3567
2018-06-22,BRL,4.3617
2018-06-25,BRL,4.4042
2018-06-26,BRL,4.4051
2018-06-27,BRL,4.4152
2018-06-28,BRL,4.4822
2018-06-29,BRL,4.4876
2018-07-02,BRL,4.5227
2018-07-03,BRL,4.5429
2018-07-04,BRL,4.5346
2018-07-05,BRL,4.5521
2018-07-06,BRL,4.6279
2018-07-09,BRL,4.5564
2018-07-10,BRL,4.5513
2018-07-11,BRL,4.4923
2018-07-12,BRL,4.5049
2018-07-13,BRL,4.5373
2018-07-16,BRL,4.509
2018-07-17,BRL,4.5281
2018-07-18,BRL,4.4804
2018-07-19,BRL,4.4874
2018-07-20,BRL,4.4364
2018-07-23,BRL,4.4322
2018-07-24,BRL,4.4184
2018-07-25,BRL,4.3539
2018-07-26,BRL,4.3523
2018-07-27,BRL,4.3472
2018-07-30,BRL,4.3334
2018-07-31,BRL,4.3818
2018-08-01,BRL,4.4028
2018-08-02,BRL,4.3906
2018-08-03,BRL,4.3394
2018-08-06,BRL,4.2788
2018-08-07,BRL,4.3051
2018-08-08,BRL,4.3533
2018-08-09,BRL,4.3939
2018-08-10,BRL,4.3904
2018-08-13,BRL,4.4554
2018-08-14,BRL,4.4144
2018-08-15,BRL,4.4264
2018-08-16,BRL,4.4228
2018-08-17,BRL,4.5001
2018-08-20,BRL,4.4818
2018-08-21,BRL,4.5623
2018-08-22,BRL,4.6912
2018-08-23,BRL,4.6976
2018-08-24,BRL,4.7375
2018-08-27,BRL,4.7606
2018-08-28,BRL,4.7909
2018-08-29,BRL,4.8451
2018-08-30,BRL,4.8221
2018-08-31,BRL,4.8591
2018-09-03,BRL,4.7859
2018-09-04,BRL,4.8358
2018-09-05,BRL,4.8364
2018-09-06,BRL,4.7918
2018-09-07,BRL,4.715
2018-09-10,BRL,4.7135
2018-09-11,BRL,4.8011
2018-09-12,BRL,4.7859
2018-09-13,BRL,4.8214
2018-09-14,BRL,4.8921
2018-09-17,BRL,4.8942
2018-09-18,BRL,4.8481
2018-09-19,BRL,4.8582
2018-09-20,BRL,4.839
2018-09-21,BRL,4.792
2018-09-24,BRL,4.7822
2018-09-25,BRL,4.8532
2018-09-26,BRL,4.7985
2018-09-27,BRL,4.729
2018-09-28,BRL,4.6535
2018-10-01,BRL,4.6869
2018-10-02,BRL,4.6002
2018-10-03,BRL,4.4737
2018-10-04,BRL,4.5116
2018-10-05,BRL,4.4216
2018-10-08,BRL,4.3093
2018-10-09,BRL,4.3112
2018-10-10,BRL,4.2893
2018-10-11,BRL,4.327
2018-10-12,BRL,4.3784
2018-10-15,BRL,4.3498
2018-10-16,BRL,4.3017
2018-10-17,BRL,4.309
2018-10-18,BRL,4.2453
2018-10-19,BRL,4.2362
2018-10-22,BRL,4.259
2018-10-23,BRL,4.2412
2018-10-24,BRL,4.2198
2018-10-25,BRL,4.2357
2018-10-26,BRL,4.2125
2018-10-29,BRL,4.1231
2018-10-30,BRL,4.2282
2018-10-31,BRL,4.1943
2018-11-01,BRL,4.2078
2018-11-02,BRL,4.2205
2018-11-05,BRL,4.2253
2018-11-06,BRL,4.2833
2018-11-07,BRL,4.3061
2018-11-08,BRL,4.2622
2018-11-09,BRL,4.254
2018-11-12,BRL,4.2217
2018-11-13,BRL,4.2479
2018-11-14,BRL,4.2901
2018-11-15,BRL,4.2772
2018-11-16,BRL,4.2666
2018-11-19,BRL,4.2907
2018-11-20,BRL,4.2919
2018-11-21,BRL,4.3262
2018-11-22,BRL,4.3368
2018-11-23,BRL,4.3205
2018-11-26,BRL,4.3808
2018-11-27,BRL,4.4011
2018-11-28,BRL,4.3579
2018-11-29,BRL,4.3867
2018-11-30,BRL,4.3843
2018-12-03,BRL,4.3367
2018-12-04,BRL,4.3642
2018-12-05,BRL,4.3692
2018-12-06,BRL,4.437
2018-12-07,BRL,4.4358
2018-12-10,BRL,4.4524
2018-12-11,BRL,4.4417
2018-12-12,BRL,4.3881
2018-12-13,BRL,4.4083
2018-12-14,BRL,4.4129
2018-12-17,BRL,4.4355
2018-12-18,BRL,4.4366
2018-12-19,BRL,4.4515
2018-12-20,BRL,4.4076
2018-12-21,BRL,4.4099
2018-12-24,BRL,4.4537
2018-12-27,BRL,4.4786
2018-12-28,BRL,4.4427
2018-12-31,BRL,4.444
